id;name;surname;email;tlf;is_internal;mat_number;cuit;address_direction;address_number;floor;departament;degree;especializacion;celular;comentario;created_at;updated_at
1;calculate Investment Account;Soft Investment Account port;Francesco71@yahoo.com;Tuna Granite;false;Wooden withdrawal;Handmade silver;Small maximized bandwidth-monitored;Underpass;alarm Money Market Account backing up;Berkshire Isle;cross-platform;Unbranded Granite Bacon;synergy internet solution;Granite;2019-12-27T20:34:38;2019-12-27T17:09:00
2;Granite infrastructures;value-added;Columbus_Herman18@gmail.com;payment portals time-frame;true;deposit Decentralized Home Loan Account;Fish ROI Sausages;Designer payment;lavender infrastructures;Movies;payment Infrastructure;Ergonomic Steel Bike;calculating initiatives bluetooth;Bike Digitized e-business;Shoes purple white;2019-12-27T20:50:42;2019-12-27T21:30:56
3;Bedfordshire;quantify Kids;Aurelio.Bednar8@yahoo.com;24/7;true;Chair deposit;Personal Loan Account;Ball Investor;Soft Crest Practical Wooden Towels;monetize Pataca;Proactive Group;Cheese;Integrated multi-state;payment Gorgeous;deposit;2019-12-28T02:09:29;2019-12-28T10:26:08
4;partnerships GB CFA Franc BEAC;Configuration Egyptian Pound customized;Albertha.Block2@hotmail.com;invoice feed;true;back up;Music;Games Finland Table;bypassing killer Turkish Lira;Glen;Salad;Poland Principal eyeballs;overriding;Assimilated;engage;2019-12-28T07:59:20;2019-12-28T00:19:46
5;6th generation;Principal Developer back-end;Summer.Larson57@hotmail.com;hacking;false;approach Ball supply-chains;Fantastic Pennsylvania;web services JBOD quantifying;Awesome Concrete Chair Home value-added;Car transmit Strategist;HTTP Bedfordshire;schemas Self-enabling Object-based;Movies Frozen;Tuna Inverse;Germany Bedfordshire;2019-12-28T08:11:38;2019-12-28T05:23:19
6;Bedfordshire Frozen Refined Rubber Pizza;Cambridgeshire copy;Marge.Schaden17@hotmail.com;PNG;false;navigating;override;JSON;Garden Rapids override;generate Concrete interface;Secured vertical;Car Automated primary;Knolls virtual iterate;parallelism Direct;Montana deposit;2019-12-27T19:26:06;2019-12-28T05:10:09
7;Visionary;Movies mint green;Kaia.Gislason38@yahoo.com;Infrastructure Fantastic Granite Computer Generic;true;Uganda Shilling Investment Account;Jewelery Branding Implemented;protocol Sleek service-desk;Quality;Kip Berkshire;online Summit;knowledge user Representative overriding;International;reintermediate Mayotte;Implemented Gorgeous Plastic Chips green;2019-12-28T11:05:28;2019-12-27T18:36:04
8;Canada Auto Loan Account withdrawal;New York;Shania.Willms@yahoo.com;Cotton Coordinator cyan;false;executive Personal Loan Account;Intranet Outdoors local area network;Auto Loan Account;transition Principal redefine;Shoes Investment Account;incubate;Forward Investment Account Table;payment violet;Automotive;XSS interface SAS;2019-12-27T19:18:55;2019-12-28T07:08:05
9;matrix CFA Franc BEAC Plastic;parse;Evan.Wolf@gmail.com;Mississippi Buckinghamshire;false;Lead;Rubber functionalities;neutral generate PCI;challenge seize;Forks withdrawal;partnerships black;morph;bluetooth;payment digital Grass-roots;Parks Minnesota Nevada;2019-12-28T07:38:00;2019-12-28T11:55:07
10;Data Regional Incredible;Extended installation Car;Dell_Leuschke58@yahoo.com;matrix Wyoming Interactions;true;discrete District Outdoors;Persevering virtual;executive Kiribati Ergonomic;Pike;Sleek Plastic Bike invoice;bricks-and-clicks;olive productize Dynamic;SMTP;attitude parse;National;2019-12-27T16:04:18;2019-12-28T11:14:05
