id;name;email;address_direction;address_number;floor;departament;cuit;is_subscripted;comment;fantasy_name;postal_code;tlf;internal_tlf;contact;company_type;cellphone;visits_qty_min;visits_qty_max;hab_prim;hab_sec;employee_id;industry_type_id;localidad_id;partido_id;legislation_id;solicitador_id;abito_id;autoridad_id;frecuency_type_id;created_at;updated_at
1;mobile Fish;Lavinia44@hotmail.com;Small;FTP Savings Account;deposit Tasty Metal Bacon Implementation;Chips;Money Market Account;true;Grocery Home;Investment Account Steel;Coordinator;Common;Savings Account syndicate Planner;Refined Rubber Chicken Table;Automotive;Planner cross-platform access;9767;23089;Monitored Bahamian Dollar Investment Account;Games Regional Digitized;66252;75536;31171;42515;52006;20794;54671;56770;18485;2019-11-03T18:22:54;2019-11-02T19:51:49
2;connect Markets Chief;Mona8@yahoo.com;sky blue Tasty Plastic Pizza;compress South Georgia and the South Sandwich Islands;compelling mission-critical;bifurcated scalable;Small;true;index orange;Jewelery;monitor;1080p Checking Account Identity;Frozen IB;Highway Ergonomic;moratorium moratorium;New York tangible Mississippi;38292;11959;bus synthesize Idaho;Networked Sleek Metal Table Small;43933;10789;20171;3142;89576;63641;47537;31435;56327;2019-11-03T06:55:40;2019-11-03T02:26:28
3;Concrete Investment Account Saint Lucia;Danyka59@gmail.com;Chilean Peso Unidades de fomento;Web virtual deposit;Squares mint green e-business;Ghana back-end National;Direct;false;withdrawal;copying;ability Hat Iraq;magenta Concrete;User-centric Gloves;Mauritania;facilitate Tasty Concrete Chips Exclusive;Buckinghamshire capability zero tolerance;3688;26678;Analyst paradigms;encompassing;90826;63435;23956;68070;14489;53093;48945;44778;98565;2019-11-03T05:51:50;2019-11-03T13:19:26
4;Bulgarian Lev navigate;Deanna.Rempel47@gmail.com;Orchestrator deliver;Licensed hacking installation;Argentine Peso;Kentucky Algerian Dinar Clothing;open-source turn-key;false;Quality;synthesize Creative;Forint;Concrete Global SMS;Profound;parsing;Borders content-based;Tasty Customer Human;63310;18870;even-keeled Saint Helena Pound;Internal AI optical;64203;85092;8413;93563;16162;78534;89855;66898;60642;2019-11-03T05:11:49;2019-11-03T18:54:45
5;Unbranded invoice;Ed54@gmail.com;Cayman Islands Dollar invoice;Fish;Networked;Fish;payment calculating;true;Nevada;Berkshire;dedicated Persevering;Coordinator Cambridgeshire Investor;cross-platform Borders;Libyan Dinar CSS;sensor;Alaska;76855;64547;Chips;Villages uniform PCI;74771;1545;95307;92831;33075;42818;55276;96665;57229;2019-11-02T20:00:24;2019-11-02T19:36:20
6;Incredible functionalities fuchsia;Emile37@gmail.com;matrix calculating;Arkansas Intelligent Credit Card Account;intuitive Open-architected system-worthy;program;Metal array France;false;schemas Synergistic Personal Loan Account;Avon;Auto Loan Account olive;Yen;Unbranded Fresh Pants Tools California;North Dakota Garden;Towels Specialist;Utah Computers Small Fresh Gloves;36019;53708;interface;compress lavender Investment Account;8534;84202;5168;19438;53135;41135;54063;69951;63742;2019-11-03T15:48:46;2019-11-03T01:42:26
7;Strategist;Michael79@yahoo.com;global mindshare;Ameliorated;Brand;infomediaries Som Rustic Frozen Keyboard;Enterprise-wide Benin;true;invoice;invoice;alarm Jamaica;system Gorgeous Rubber Pants;hack;leading-edge;Ergonomic Steel Gloves;Developer Shoes Music;76336;49161;Hollow Shoes systems;Generic Frozen Tuna HTTP;26089;37461;1530;62585;93343;50313;50103;85648;53937;2019-11-03T03:19:29;2019-11-03T02:43:06
8;Checking Account;Lucy86@hotmail.com;invoice multi-byte;incubate deposit Station;parsing Investment Account;Branding Dynamic black;yellow;false;Ergonomic Rubber Chicken;Handcrafted Plastic Shirt quantifying;wireless;hybrid;Solomon Islands Dollar;Personal Loan Account HTTP;schemas Specialist China;quantify multi-byte;99050;73164;Cotton Robust;user-centric Infrastructure;85841;23859;42899;67984;75087;73990;75454;23823;10312;2019-11-03T10:04:04;2019-11-02T21:28:20
9;Berkshire navigating;Eli38@gmail.com;Industrial;bypassing granular Usability;Applications Missouri deposit;Gorgeous Money Market Account;Danish Krone parse;true;back-end Unbranded Cambridgeshire;Designer;mindshare;Guam bandwidth Liaison;program Auto Loan Account Refined;infomediaries;Fantastic Fresh Salad;Steel Avon Visionary;58130;37427;transition open-source Interactions;Pennsylvania dynamic bandwidth;48166;77714;37798;55840;70508;42422;24872;90635;33025;2019-11-03T16:27:52;2019-11-03T08:42:24
10;Advanced grow;Anabelle76@yahoo.com;quantifying;synthesize Idaho Markets;Glen Refined;Mandatory Assistant;Strategist;true;success;Tuvalu;Senior Optional Yemeni Rial;Central African Republic;magenta heuristic;Credit Card Account Maryland Legacy;Product;Brand Regional Court;62013;33566;Mouse;Junctions one-to-one;58365;26593;7773;36034;97439;25994;98621;45324;69816;2019-11-03T18:21:28;2019-11-03T06:16:02
