id;name;surname;email;tlf;tipo;mat_number;cuit;address_direction;address_number;floor;departament;degree;localidad;partido;especializacion;celular;comentario;created_at;updated_at
1;bypassing Bypass;Plastic Movies;Samanta_Pollich99@gmail.com;Agent Monaco input;true;navigating Ergonomic Falls;User-friendly;Savings Account;SMTP;Checking Account global Steel;Borders Springs connecting;SAS;Planner Refined;engage Granite Grocery;bluetooth payment digital;Rubber Industrial seamless;withdrawal Jamaica;2019-12-28T13:43:12;2019-12-27T18:12:16
2;real-time Berkshire solid state;middleware Switzerland;Vada45@hotmail.com;indexing compress Practical Steel Chips;true;frictionless orchid;Future-proofed Awesome;Creek;Shirt Metal;Mouse Rupiah;Human Mission;Officer Savings Account Automated;Pants even-keeled Chair;Brazil;Island cyan;Granite open architecture;Ergonomic Soft Shoes;2019-12-28T00:50:05;2019-12-27T23:23:51
3;Cambridgeshire;Regional;Abdiel_Gorczany8@gmail.com;Savings Account Manager Guyana;true;Polarised navigate;Roads bypass;Concrete;feed;connecting generate Music;Inlet Hungary Configurable;interface;Toys;overriding;internet solution;Total;Investment Account Indian Rupee;2019-12-27T20:57:51;2019-12-28T00:19:57
4;Club Nebraska;Nevada quantify architectures;Gene.Grady@gmail.com;payment Illinois dot-com;true;Personal Loan Account;Music;Pants;Avon;blue scalable Car;bypassing Sleek Steel Shirt Rand Namibia Dollar;Fresh incubate Agent;Jewelery Engineer Bedfordshire;Tanzanian Shilling Assurance Nebraska;Gardens synthesizing;silver;system;2019-12-28T11:06:57;2019-12-28T03:43:18
5;Open-source Metal Auto Loan Account;Awesome;Carey.Waters@yahoo.com;Checking Account frictionless;false;Bahamas;Manager open architecture;Gorgeous Metal Shoes;Investment Account;Investment Account cross-platform;Configuration;parse infrastructures Mobility;Implementation Shirt Unbranded Soft Fish;Refined Soft Keyboard synthesizing;indigo Bacon Mouse;Programmable payment National;HDD;2019-12-28T06:29:08;2019-12-27T23:30:46
6;Lights interface Central;intranet index;Kitty_Feeney@yahoo.com;synthesize Bahrain;true;Home Loan Account;experiences;Credit Card Account;Belize Dollar Bacon;Investment Account Rwanda Customer;Liaison copy program;hack Electronics Oklahoma;Cambridgeshire navigate Licensed;Fantastic indexing;Investment Account;haptic Shoes;models;2019-12-27T21:22:45;2019-12-27T22:37:24
7;payment;Nevada port Money Market Account;Cheyenne.Williamson58@hotmail.com;strategize;false;Communications;Customer;Avon;Advanced bus;Security Virginia;solid state Clothing deposit;Maine Checking Account markets;Unbranded programming District;Concrete;Pizza yellow programming;FTP;Persistent Investment Account;2019-12-28T06:48:03;2019-12-28T14:35:23
8;sticky neural Kids;Cotton relationships;Thad.Walker@hotmail.com;Rue District;true;Grocery;Concrete Towels Avon;Automotive frame;Indiana deposit Electronics;Bedfordshire Strategist;Towels applications;Zimbabwe;Bedfordshire;application scale;indigo National;Expressway;Tools Street;2019-12-28T02:20:53;2019-12-28T01:48:19
9;reciprocal;Mountain Malaysia supply-chains;Jerrold.Macejkovic10@yahoo.com;user-centric;false;navigate didactic Dynamic;schemas Industrial;calculating;withdrawal Toys white;olive;Kids Incredible;Florida THX Idaho;Licensed Visionary pixel;neural Markets Branding;maroon;superstructure;Kids;2019-12-28T13:51:07;2019-12-27T22:14:33
10;backing up;Salad;Ludwig_Johnston91@yahoo.com;Money Market Account end-to-end navigating;false;Computers generating;users Guinea;SQL lavender;transmit Wooden COM;Agent Squares;supply-chains;Bedfordshire;Peru withdrawal Down-sized;invoice;Liaison Tonga;Lari;Sports Global Soft;2019-12-28T02:04:04;2019-12-28T03:57:00
